{
  "version": 1,
  "author": "Sneha B",
  "editor": "wokwi",
  "parts": [
    { "type": "wokwi-arduino-uno", "id": "uno", "top": 87, "left": 95.4, "attrs": {} },
    { "type": "wokwi-lcd1602", "id": "lcd1", "top": -140.57, "left": -89.6, "attrs": {} }
  ],
  "connections": [
    [ "lcd1:K", "uno:GND.1", "green", [ "v9.6", "h115.2" ] ],
    [ "lcd1:A", "uno:5V", "green", [ "v316.8", "h182.3" ] ],
    [ "lcd1:V0", "uno:GND.3", "green", [ "v336", "h316.5", "v-9.6" ] ],
    [ "lcd1:D7", "uno:2", "green", [ "v19.2", "h259.5" ] ],
    [ "lcd1:D6", "uno:3", "green", [ "v28.8", "h259.4" ] ],
    [ "lcd1:D5", "uno:4", "green", [ "v38.4", "h259.3" ] ],
    [ "lcd1:D4", "uno:5", "green", [ "v48", "h259.2" ] ],
    [ "lcd1:E", "uno:13", "green", [ "v57.6", "h230.4", "v48" ] ],
    [ "lcd1:RW", "uno:GND.3", "green", [ "v355.2", "h297.5" ] ],
    [ "lcd1:RS", "uno:12", "green", [ "v76.8", "h259.5" ] ],
    [ "lcd1:VDD", "uno:5V", "green", [ "v288", "h297.7" ] ],
    [ "uno:GND.2", "lcd1:VSS", "black", [ "v19.1", "h-322.5" ] ]
  ],
  "dependencies": {}
}